{
  "MODEL_WEIGHT_TUNE": 571.09858689201,
  "POLICY_WEIGHT_TUNE": 0.9991885068952715,
  "LEARNING_RATE_TUNE": 0.6558898576585526,
  "VARIANCE_TUNE": 0.052044741103344686,
  "LAYER1_TUNE": 20
}
