{"MODEL_WEIGHT_TUNE": 1452.8246637516033, "POLICY_WEIGHT_TUNE": 0.07068974950624601, "LEARNING_RATE_TUNE": 0.7072114131472232, "VARIANCE_TUNE": 0.05337032762603955, "LAYER1_TUNE": 8}