{"MODEL_WEIGHT_TUNE": 104.67829342328949, "POLICY_WEIGHT_TUNE": 2.9671078266598125, "LEARNING_RATE_TUNE": 0.00040480533477448575, "VARIANCE_TUNE": 0.06033709609302027, "LAYER1_TUNE": 78}