{"MODEL_WEIGHT_TUNE": 1325.7003451079236, "POLICY_WEIGHT_TUNE": 0.11271918964372518, "LEARNING_RATE_TUNE": 0.3353098796250857, "VARIANCE_TUNE": 0.034019297121515385, "LAYER1_TUNE": 8}