{
  "MODEL_WEIGHT_TUNE": 10000.0,
  "POLICY_WEIGHT_TUNE": 31.10043825447387,
  "LEARNING_RATE_TUNE": 0.9999921581729762,
  "VARIANCE_TUNE": 0.01060498463719597,
  "LAYER1_TUNE": 241
}
