{"MODEL_WEIGHT_TUNE": 70.64113066582524, "POLICY_WEIGHT_TUNE": 7.706499471682948, "LEARNING_RATE_TUNE": 0.02931797730365136, "VARIANCE_TUNE": 0.14287514706227314, "LAYER1_TUNE": 44}