Domain;Fluent;Mean;StdDev;Variance;Entropy
HVAC;temp-zone;3.0;2.0;4.0;4.535586576909735
HVAC;temp-heater;0.5;0.5;0.25;4.41689758947412
HVAC;occupied;1.0;0.0;0.0;4.571448318679126
HVAC;temp-zone___z1;5.0;0.0;0.0;4.613418778192005
HVAC;temp-zone___z2;1.0;0.0;0.0;4.571448318679126
HVAC;temp-heater___h1;0.0;0.0;0.0;nan
HVAC;temp-heater___h2;1.0;0.0;0.0;4.571448318679126
HVAC;occupied___z1;1.0;0.0;0.0;4.571448318679126
HVAC;occupied___z2;1.0;0.0;0.0;4.571448318679126
