Domain;Fluent;Mean;StdDev;Variance;Entropy
HVAC;temp-zone;2.7115813806981266;1.9995639536830383;3.998256004868544;0.0
HVAC;temp-heater;1.0064390613877097;0.3783461741383394;0.14314582748511862;0.0
HVAC;occupied;1.0;0.0;0.0;0.0
HVAC;temp-zone___z1;4.704178491054074;0.15539796501355801;0.024148527530355002;0.0
HVAC;temp-zone___z2;0.7189842703421786;0.17741756905388265;0.03147699380898922;0.0
HVAC;temp-heater___h1;1.0046728880210936;0.5345138345834575;0.2857050393611117;0.0
HVAC;temp-heater___h2;1.0082052347543258;0.024091012274366424;0.0005803768724036737;0.0
HVAC;occupied___z1;1.0;0.0;0.0;0.0
HVAC;occupied___z2;1.0;0.0;0.0;0.0
