Domain;Fluent;Mean;StdDev;Variance;Entropy
HVAC;temp-zone;2.711806933384665;1.9998060380949156;3.999224190000883;0.0
HVAC;temp-heater;1.0032123168054603;0.37530918254271506;0.14085698250088102;0.0
HVAC;occupied;1.0;0.0;0.0;0.0
HVAC;temp-zone___z1;4.704656011448206;0.1551361471033124;0.02406722413806058;0.0
HVAC;temp-zone___z2;0.7189578553211229;0.17744368116754802;0.03148625998629044;0.0
HVAC;temp-heater___h1;0.9985824275569102;0.5302041282098735;0.281116417570792;0.0
HVAC;temp-heater___h2;1.0078422060540104;0.02355155370803293;0.0005546756820623597;0.0
HVAC;occupied___z1;1.0;0.0;0.0;0.0
HVAC;occupied___z2;1.0;0.0;0.0;0.0
