Domain;Fluent;Mean;StdDev;Variance;Entropy
HVAC;temp-zone;2.711979606274948;1.99986980805179;3.9994792491571034;4.477370740304435
HVAC;temp-heater;1.0028634827077378;0.3758544618818988;0.14126657651653174;4.416897589984663
HVAC;occupied;1.0;0.0;0.0;4.571448319213422
HVAC;temp-zone___z1;4.704891661413846;0.15525101374713232;0.024102877269512265;4.614514885592358
HVAC;temp-zone___z2;0.7190675511360504;0.17736601142498257;0.03145870200880705;4.5802615247719825
HVAC;temp-heater___h1;0.9957218766477441;0.5309188642186563;0.281874840383228;4.416897589984663
HVAC;temp-heater___h2;1.0100050887677314;0.023586173398904176;0.000556307575603175;4.613592563325927
HVAC;occupied___z1;1.0;0.0;0.0;4.571448319213422
HVAC;occupied___z2;1.0;0.0;0.0;4.571448319213422
