Domain;Fluent;Reward Lower;Reward Upper
Reservoir;rlevel___t8;-9464.193939401219;14122.927918843425
Reservoir;rlevel___t6;-9588.703418621819;13139.404005702934
