pid,worker,iteration,target,best_target,acq_params,MODEL_WEIGHT_TUNE,POLICY_WEIGHT_TUNE,LEARNING_RATE_TUNE,LAYER1_TUNE,LAYER2_TUNE
13869,0,0,303.4,303.4,"{'random_state': RandomState(MT19937) at 0x711A3918AE40, 'i': 6, 'kappa': 7.943282347242814, 'exploration_decay': 0.9623506263980885, 'exploration_decay_delay': 0}",98.46738873614564,0.04207988669606635,0.04570563099801451,29,215
13867,1,0,275.6,319.79999999999995,"{'random_state': RandomState(MT19937) at 0x711A3918AE40, 'i': 6, 'kappa': 7.943282347242814, 'exploration_decay': 0.9623506263980885, 'exploration_decay_delay': 0}",101.29197956845731,6.7965780907581514,0.21423021757741054,13,9
13868,2,0,265.2000000000001,303.4,"{'random_state': RandomState(MT19937) at 0x711A3918AE40, 'i': 6, 'kappa': 7.943282347242814, 'exploration_decay': 0.9623506263980885, 'exploration_decay_delay': 0}",1.1526449540315609,0.05337032762603955,0.14528246637516035,8,230
13865,3,0,319.79999999999995,319.79999999999995,"{'random_state': RandomState(MT19937) at 0x711A3918AE40, 'i': 6, 'kappa': 7.943282347242814, 'exploration_decay': 0.9623506263980885, 'exploration_decay_delay': 0}",14.445251022763058,0.14618962793704957,0.00420515645091387,15,22
13870,4,0,313.79999999999995,313.79999999999995,"{'random_state': RandomState(MT19937) at 0x711A3918AE40, 'i': 6, 'kappa': 7.943282347242814, 'exploration_decay': 0.9623506263980885, 'exploration_decay_delay': 0}",6.789053271698485,0.6672367170464204,0.0002888838362365316,66,12
13866,5,0,298.0,303.4,"{'random_state': RandomState(MT19937) at 0x711A3918AE40, 'i': 6, 'kappa': 7.943282347242814, 'exploration_decay': 0.9623506263980885, 'exploration_decay_delay': 0}",91.63741808778781,0.015339162591163618,0.003725393839578886,121,15
